{
    "DGS2": {
        "FEDFUNDS": 0.14576773345470428,
        "FEDFUNDS_Expanding_Mean": 0.09430018812417984,
        "FEDFUNDS_lag_1": 0.07331489026546478,
        "FEDFUNDS_lag_7": 0.06371491402387619,
        "FEDFUNDS_Weighted": 0.0602022148668766,
        "FEDFUNDS_lag_2": 0.05887589976191521,
        "FEDFUNDS_lag_11": 0.04052270948886871,
        "FEDFUNDS_lag_5": 0.03828771412372589,
        "FEDFUNDS_Actual": 0.03823874890804291,
        "FEDFUNDS_lag_3": 0.03640023246407509
    },
    "DGS10": {
        "DGS2": 0.5490202307701111,
        "FEDFUNDS_lag_12": 0.03239574283361435,
        "FEDFUNDS_lag_1": 0.03239541873335838,
        "FEDFUNDS_lag_9": 0.03201008588075638,
        "FEDFUNDS_lag_6": 0.027231544256210327,
        "FEDFUNDS_pct_change": 0.024042056873440742,
        "FEDFUNDS_Deviation": 0.02372685633599758,
        "FEDFUNDS_lag_11": 0.022780872881412506,
        "FEDFUNDS_lag_7": 0.021021798253059387,
        "FEDFUNDS": 0.0204654261469841
    },
    "T10Y2Y": {
        "DGS2": 0.35858744382858276,
        "DGS10": 0.16527387499809265,
        "FEDFUNDS_Absolute_Change": 0.08752137422561646,
        "FEDFUNDS_Expanding_Mean": 0.06388875842094421,
        "FEDFUNDS": 0.04430074617266655,
        "FEDFUNDS_Deviation": 0.038983918726444244,
        "FEDFUNDS_interaction": 0.03804481029510498,
        "FEDFUNDS_Rolling_mean": 0.03098955750465393,
        "FEDFUNDS_Rolling_Volatility": 0.029693057760596275,
        "FEDFUNDS_Actual": 0.026816027238965034
    },
    "MORTGAGE30US": {
        "FEDFUNDS_lag_1": 0.19091340899467468,
        "DGS10": 0.16235467791557312,
        "FEDFUNDS_Actual": 0.1116376742720604,
        "DGS2": 0.06302165240049362,
        "FEDFUNDS_Deviation": 0.05669708177447319,
        "FEDFUNDS_lag_2": 0.05649183318018913,
        "FEDFUNDS_lag_4": 0.030710333958268166,
        "FEDFUNDS_Expanding_Mean": 0.029773270711302757,
        "T10Y2Y": 0.028060147538781166,
        "FEDFUNDS_lag_9": 0.024808160960674286
    },
    "CPIAUCSL": {
        "FEDFUNDS_pct_change": 0.20121291279792786,
        "FEDFUNDS_Expanding_Mean": 0.1887219101190567,
        "FEDFUNDS_Rolling_mean": 0.11744134873151779,
        "FEDFUNDS_Weighted": 0.05529149994254112,
        "FEDFUNDS_Deviation": 0.0471123643219471,
        "FEDFUNDS_lag_1": 0.034935738891363144,
        "T10Y2Y": 0.030048593878746033,
        "FEDFUNDS_Duration": 0.02987605519592762,
        "FEDFUNDS_lag_2": 0.023619631305336952,
        "FEDFUNDS_interaction": 0.022074507549405098
    },
    "CSUSHPISA": {
        "FEDFUNDS_Rolling_mean": 0.45894625782966614,
        "FEDFUNDS_Deviation": 0.14808206260204315,
        "FEDFUNDS_Expanding_Mean": 0.148016557097435,
        "CPIAUCSL": 0.04017232730984688,
        "FEDFUNDS_Weighted": 0.03570365160703659,
        "FEDFUNDS_lag_7": 0.017392896115779877,
        "FEDFUNDS_Rolling_Volatility": 0.016778800636529922,
        "FEDFUNDS_Duration": 0.01404331810772419,
        "FEDFUNDS_lag_11": 0.01332123950123787,
        "FEDFUNDS_Actual": 0.011362604796886444
    },
    "CES0500000003": {
        "FEDFUNDS_interaction": 0.3915880620479584,
        "FEDFUNDS_Rolling_mean": 0.1251068264245987,
        "FEDFUNDS_Expanding_Mean": 0.0973755493760109,
        "FEDFUNDS_Actual": 0.05025327205657959,
        "FEDFUNDS_lag_2": 0.04073965549468994,
        "FEDFUNDS": 0.03788350895047188,
        "FEDFUNDS_Duration": 0.03537981957197189,
        "CSUSHPISA": 0.03517492860555649,
        "FEDFUNDS_lag_3": 0.03311309590935707,
        "FEDFUNDS_Rolling_std": 0.01890949346125126
    },
    "UNRATE": {
        "CES0500000003": 0.8206282258033752,
        "FEDFUNDS_Weighted": 0.020653503015637398,
        "FEDFUNDS_interaction": 0.01522937510162592,
        "FEDFUNDS_pct_change": 0.012619460932910442,
        "FEDFUNDS_Actual": 0.008266796357929707,
        "CSUSHPISA": 0.007943909615278244,
        "FEDFUNDS_lag_3": 0.006987792905420065,
        "FEDFUNDS_lag_12": 0.006890850607305765,
        "FEDFUNDS_lag_10": 0.006777524016797543,
        "FEDFUNDS_Expanding_Mean": 0.006684412714093924
    },
    "INDPRO": {
        "CES0500000003": 0.44910094141960144,
        "UNRATE": 0.14614653587341309,
        "FEDFUNDS_pct_change": 0.0913570299744606,
        "FEDFUNDS_interaction": 0.027752090245485306,
        "CSUSHPISA": 0.027502017095685005,
        "CPIAUCSL": 0.021207842975854874,
        "FEDFUNDS_lag_11": 0.016901476308703423,
        "FEDFUNDS_Rolling_mean": 0.016599394381046295,
        "FEDFUNDS_lag_7": 0.014058645814657211,
        "FEDFUNDS_Actual": 0.01250750757753849
    },
    "GDPC1": {
        "CES0500000003": 0.4952632486820221,
        "UNRATE": 0.11421197652816772,
        "CPIAUCSL": 0.05653265863656998,
        "DGS2": 0.03934657201170921,
        "FEDFUNDS_Duration": 0.03290293365716934,
        "CSUSHPISA": 0.021356025710701942,
        "FEDFUNDS_Rolling_mean": 0.017246372997760773,
        "FEDFUNDS_interaction": 0.015177651308476925,
        "INDPRO": 0.014532964676618576,
        "T10Y2Y": 0.01359319593757391
    },
    "CP": {
        "GDPC1": 0.2480780929327011,
        "FEDFUNDS_Deviation": 0.1538250595331192,
        "CPIAUCSL": 0.14442338049411774,
        "CSUSHPISA": 0.04359472543001175,
        "FEDFUNDS_interaction": 0.042440470308065414,
        "DGS2": 0.04098816215991974,
        "CES0500000003": 0.03754056990146637,
        "FEDFUNDS_Weighted": 0.035733725875616074,
        "FEDFUNDS_Duration": 0.02612474374473095,
        "FEDFUNDS": 0.025646019726991653
    },
    "SP500": {
        "CP": 0.16016778349876404,
        "UNRATE": 0.11926187574863434,
        "CES0500000003": 0.10532298684120178,
        "FEDFUNDS_Duration": 0.10287889838218689,
        "FEDFUNDS_Expanding_Mean": 0.0761323794722557,
        "MORTGAGE30US": 0.07104069739580154,
        "CPIAUCSL": 0.04697610065340996,
        "FEDFUNDS_lag_3": 0.03493598848581314,
        "CSUSHPISA": 0.03471770137548447,
        "DGS10": 0.031387586146593094
    },
    "PSAVERT": {
        "CES0500000003": 0.41194555163383484,
        "FEDFUNDS_Rolling_mean": 0.1341026872396469,
        "CP": 0.08093073964118958,
        "UNRATE": 0.07416289299726486,
        "GDPC1": 0.04233098775148392,
        "CPIAUCSL": 0.01919100247323513,
        "FEDFUNDS_interaction": 0.017355946823954582,
        "CSUSHPISA": 0.016494009643793106,
        "FEDFUNDS_Actual": 0.015378812327980995,
        "FEDFUNDS_lag_10": 0.012552766129374504
    },
    "DSPIC96": {
        "PSAVERT": 0.92253577709198,
        "CES0500000003": 0.010514614172279835,
        "DGS2": 0.008215892128646374,
        "CSUSHPISA": 0.005934627261012793,
        "FEDFUNDS_Actual": 0.005767419934272766,
        "CP": 0.0056916275061666965,
        "FEDFUNDS_Deviation": 0.0055948179215192795,
        "CPIAUCSL": 0.005582766607403755,
        "FEDFUNDS": 0.004289999604225159,
        "T10Y2Y": 0.0033988929353654385
    },
    "DRTSCILM": {
        "SP500": 0.2142246812582016,
        "FEDFUNDS_interaction": 0.12507157027721405,
        "CP": 0.09415518492460251,
        "FEDFUNDS_lag_1": 0.06110306829214096,
        "GDPC1": 0.056964192539453506,
        "CSUSHPISA": 0.056830186396837234,
        "FEDFUNDS_pct_change": 0.03838539496064186,
        "FEDFUNDS_Deviation": 0.03619721159338951,
        "CPIAUCSL": 0.03387130796909332,
        "FEDFUNDS_Weighted": 0.029529685154557228
    },
    "HDTGPDUSQ163N": {
        "FEDFUNDS_Duration": 0.3249628245830536,
        "CP": 0.11278273165225983,
        "FEDFUNDS_Expanding_Mean": 0.04725757613778114,
        "FEDFUNDS_lag_1": 0.04104787856340408,
        "PSAVERT": 0.036260753870010376,
        "GDPC1": 0.03386080637574196,
        "SP500": 0.03313293680548668,
        "CPIAUCSL": 0.028936659917235374,
        "FEDFUNDS_UNRATE_interaction": 0.025887377560138702,
        "DSPIC96": 0.021901864558458328
    },
    "BOPGSTB": {
        "SP500": 0.09401630610227585,
        "HDTGPDUSQ163N": 0.08752622455358505,
        "DRTSCILM": 0.06074151396751404,