{
    "DGS2": {
        "FEDFUNDS_interaction": 0.1577853560447693,
        "FEDFUNDS_lag_7": 0.14051257073879242,
        "FEDFUNDS": 0.1041221097111702,
        "FEDFUNDS_Expanding_Mean": 0.0822855681180954,
        "FEDFUNDS_lag_8": 0.07066815346479416,
        "FEDFUNDS_Actual": 0.06682191789150238,
        "FEDFUNDS_lag_11": 0.05749714374542236,
        "FEDFUNDS_lag_3": 0.0568893700838089,
        "FEDFUNDS_Weighted": 0.05406840145587921,
        "FEDFUNDS_Rolling_Volatility": 0.04912404343485832
    },
    "DGS10": {
        "DGS2": 0.45945125818252563,
        "FEDFUNDS_lag_12": 0.04609817638993263,
        "FEDFUNDS_Rolling_Volatility": 0.036714792251586914,
        "FEDFUNDS_pct_change": 0.03228377178311348,
        "FEDFUNDS_Rolling_std": 0.032100774347782135,
        "FEDFUNDS_Deviation": 0.03039460815489292,
        "FEDFUNDS_lag_1": 0.02861596830189228,
        "FEDFUNDS_lag_2": 0.02775590494275093,
        "FEDFUNDS": 0.02728487178683281,
        "FEDFUNDS_Rolling_mean": 0.0258007925003767
    },
    "T10Y2Y": {
        "DGS2": 0.22258904576301575,
        "FEDFUNDS_interaction": 0.15426622331142426,
        "DGS10": 0.0840395987033844,
        "FEDFUNDS_Absolute_Change": 0.07097289711236954,
        "FEDFUNDS_Rolling_mean": 0.06900085508823395,
        "FEDFUNDS": 0.05666312947869301,
        "FEDFUNDS_Weighted": 0.05581338703632355,
        "FEDFUNDS_lag_1": 0.04484328255057335,
        "FEDFUNDS_Deviation": 0.04230344668030739,
        "FEDFUNDS_Rolling_Volatility": 0.042028624564409256
    },
    "MORTGAGE30US": {
        "DGS10": 0.15412430465221405,
        "FEDFUNDS_lag_1": 0.14685750007629395,
        "FEDFUNDS_Actual": 0.1256895661354065,
        "DGS2": 0.06894822418689728,
        "FEDFUNDS_Deviation": 0.05891651287674904,
        "FEDFUNDS_lag_2": 0.049180224537849426,
        "FEDFUNDS_lag_9": 0.038218479603528976,
        "FEDFUNDS_Rolling_std": 0.037143826484680176,
        "FEDFUNDS_Weighted": 0.03449036926031113,
        "FEDFUNDS_lag_5": 0.03364149108529091
    },
    "CPIAUCSL": {
        "FEDFUNDS_pct_change": 0.28802284598350525,
        "FEDFUNDS_Rolling_mean": 0.18383100628852844,
        "FEDFUNDS_Expanding_Mean": 0.13659465312957764,
        "FEDFUNDS_lag_11": 0.08164289593696594,
        "FEDFUNDS_Weighted": 0.0563487708568573,
        "FEDFUNDS_Deviation": 0.05509219691157341,
        "DGS2": 0.04791800305247307,
        "FEDFUNDS_lag_3": 0.03292324021458626,
        "FEDFUNDS_lag_2": 0.031684160232543945,
        "MORTGAGE30US": 0.025549551472067833
    },
    "CSUSHPISA": {
        "FEDFUNDS_Rolling_mean": 0.3043277859687805,
        "FEDFUNDS_Deviation": 0.1560358703136444,
        "FEDFUNDS_Expanding_Mean": 0.10177577286958694,
        "FEDFUNDS_lag_7": 0.08802072703838348,
        "FEDFUNDS_Rolling_Volatility": 0.06136443465948105,
        "FEDFUNDS_lag_12": 0.041758373379707336,
        "CPIAUCSL": 0.03571414202451706,
        "FEDFUNDS_Weighted": 0.03292369842529297,
        "FEDFUNDS_lag_11": 0.03143461048603058,
        "FEDFUNDS_lag_8": 0.028784118592739105
    },
    "CES0500000003": {
        "FEDFUNDS_interaction": 0.38884466886520386,
        "FEDFUNDS_Rolling_mean": 0.10783598572015762,
        "FEDFUNDS_Expanding_Mean": 0.0631570890545845,
        "FEDFUNDS": 0.059796180576086044,
        "FEDFUNDS_Actual": 0.05938233062624931,
        "CSUSHPISA": 0.049058105796575546,
        "FEDFUNDS_lag_3": 0.048627763986587524,
        "FEDFUNDS_Deviation": 0.04620283469557762,
        "FEDFUNDS_Duration": 0.0406552292406559,
        "FEDFUNDS_lag_2": 0.036365363746881485
    },
    "UNRATE": {
        "CES0500000003": 0.6683480739593506,
        "FEDFUNDS_Weighted": 0.041368067264556885,
        "FEDFUNDS": 0.036019787192344666,
        "CSUSHPISA": 0.03276257961988449,
        "FEDFUNDS_lag_5": 0.03178461268544197,
        "FEDFUNDS_Actual": 0.031068934127688408,
        "FEDFUNDS_Rolling_std": 0.025566551834344864,
        "FEDFUNDS_interaction": 0.023971768096089363,
        "FEDFUNDS_pct_change": 0.023576920852065086,
        "FEDFUNDS_lag_3": 0.018905336037278175
    },
    "INDPRO": {
        "FEDFUNDS_pct_change": 0.3674907386302948,
        "CES0500000003": 0.24393269419670105,
        "UNRATE": 0.060491859912872314,
        "FEDFUNDS_lag_5": 0.03640370070934296,
        "FEDFUNDS_lag_6": 0.03632714971899986,
        "FEDFUNDS_interaction": 0.026508096605539322,
        "FEDFUNDS_lag_1": 0.023489993065595627,
        "CSUSHPISA": 0.022093376144766808,
        "CPIAUCSL": 0.021963071078062057,
        "FEDFUNDS_lag_7": 0.02110988087952137
    },
    "GDPC1": {
        "CES0500000003": 0.3686198890209198,
        "CPIAUCSL": 0.14920291304588318,
        "UNRATE": 0.10882145911455154,
        "DGS2": 0.0877099558711052,
        "FEDFUNDS_lag_4": 0.03498109430074692,
        "CSUSHPISA": 0.026304030790925026,
        "FEDFUNDS_lag_1": 0.025435948744416237,
        "INDPRO": 0.024655459448695183,
        "T10Y2Y": 0.022227471694350243,
        "FEDFUNDS_lag_11": 0.02198714390397072
    },
    "CP": {
        "GDPC1": 0.2029832899570465,
        "DGS2": 0.17794588208198547,
        "CPIAUCSL": 0.15595267713069916,
        "FEDFUNDS_Deviation": 0.10239594429731369,
        "INDPRO": 0.09010888636112213,
        "FEDFUNDS_interaction": 0.06616047769784927,
        "FEDFUNDS_lag_3": 0.06118809059262276,
        "CSUSHPISA": 0.053146857768297195,
        "CES0500000003": 0.03323682025074959,
        "FEDFUNDS_UNRATE_interaction": 0.03151165321469307
    },
    "SP500": {
        "CP": 0.13691747188568115,
        "UNRATE": 0.09867546707391739,
        "CSUSHPISA": 0.09591958671808243,
        "FEDFUNDS_Expanding_Mean": 0.09299738705158234,
        "INDPRO": 0.08925789594650269,
        "FEDFUNDS_Duration": 0.08840882033109665,
        "CES0500000003": 0.07360805571079254,
        "CPIAUCSL": 0.06539656966924667,
        "MORTGAGE30US": 0.06291240453720093,
        "FEDFUNDS_interaction": 0.05926641821861267
    },
    "PSAVERT": {
        "CES0500000003": 0.32658520340919495,
        "FEDFUNDS_Rolling_mean": 0.16557496786117554,
        "UNRATE": 0.12010496109724045,
        "CP": 0.10727149993181229,
        "GDPC1": 0.072267547249794,
        "CPIAUCSL": 0.06348767131567001,
        "CSUSHPISA": 0.05621239170432091,
        "MORTGAGE30US": 0.02055908367037773,
        "FEDFUNDS_pct_change": 0.019455663859844208,
        "FEDFUNDS_lag_11": 0.019096167758107185
    },
    "DSPIC96": {
        "PSAVERT": 0.8505898714065552,
        "FEDFUNDS": 0.03401423990726471,
        "FEDFUNDS_Actual": 0.02913271076977253,
        "CPIAUCSL": 0.026098480448126793,
        "DGS2": 0.022034160792827606,
        "T10Y2Y": 0.01279860083013773,
        "CSUSHPISA": 0.009455351158976555,
        "CES0500000003": 0.007931343279778957,
        "FEDFUNDS_lag_9": 0.003962191753089428,
        "FEDFUNDS_lag_6": 0.0037779221311211586
    },
    "DRTSCILM": {
        "FEDFUNDS_interaction": 0.14093366265296936,
        "FEDFUNDS_pct_change": 0.14091789722442627,
        "SP500": 0.09997468441724777,
        "FEDFUNDS_lag_1": 0.07645772397518158,
        "FEDFUNDS_Deviation": 0.07105022668838501,
        "FEDFUNDS_Rolling_std": 0.06135432794690132,
        "CPIAUCSL": 0.05494343861937523,
        "CSUSHPISA": 0.04602302238345146,
        "CP": 0.04174143448472023,
        "FEDFUNDS_Weighted": 0.04088667780160904
    },
    "HDTGPDUSQ163N": {
        "FEDFUNDS_Expanding_Mean": 0.10188595205545425,
        "CP": 0.09515215456485748,
        "CPIAUCSL": 0.080344058573246,
        "FEDFUNDS_lag_2": 0.07785744220018387,
        "FEDFUNDS_Duration": 0.07625611126422882,
        "PSAVERT": 0.06451640278100967,
        "FEDFUNDS_lag_1": 0.05613982304930687,
        "GDPC1": 0.053484875708818436,
        "DGS10": 0.04467339068651199,
        "SP500": 0.03691374137997627
    },
    "BOPGSTB": {
        "FEDFUNDS_Actual": 0.07340017706155777,
        "FEDFUNDS_pct_change": 0.069325752556324,
        "SP500": 0.06603007763624191,