{
    "DGS2": {
        "FEDFUNDS_lag_7": 0.2757633924484253,
        "FEDFUNDS": 0.18071988224983215,
        "FEDFUNDS_interaction": 0.15658031404018402,
        "FEDFUNDS_Expanding_Mean": 0.13728660345077515,
        "FEDFUNDS_Weighted": 0.1052318662405014,
        "FEDFUNDS_lag_8": 0.07012844830751419,
        "FEDFUNDS_lag_2": 0.04868675023317337,
        "FEDFUNDS_lag_3": 0.013833039440214634,
        "FEDFUNDS_lag_5": 0.006946435198187828,
        "FEDFUNDS_Rolling_mean": 0.004823306109756231
    },
    "DGS10": {
        "DGS2": 0.730770468711853,
        "FEDFUNDS_Rolling_Volatility": 0.064754419028759,
        "FEDFUNDS_Rolling_std": 0.05210522189736366,
        "FEDFUNDS_lag_1": 0.036829907447099686,
        "FEDFUNDS_Weighted": 0.03157871589064598,
        "FEDFUNDS_Deviation": 0.029993031173944473,
        "FEDFUNDS": 0.02898019179701805,
        "FEDFUNDS_lag_8": 0.015138291753828526,
        "FEDFUNDS_lag_11": 0.00984970387071371,
        "FEDFUNDS_Actual": 0.0
    },
    "T10Y2Y": {
        "DGS2": 0.6448503136634827,
        "DGS10": 0.24176180362701416,
        "FEDFUNDS_Rolling_mean": 0.11338789761066437,
        "FEDFUNDS": 0.0,
        "FEDFUNDS_Actual": 0.0,
        "FEDFUNDS_pct_change": 0.0,
        "FEDFUNDS_Duration": 0.0,
        "FEDFUNDS_Weighted": 0.0,
        "Time_Since_Change": 0.0,
        "FEDFUNDS_interaction": 0.0
    },
    "MORTGAGE30US": {
        "FEDFUNDS_lag_1": 0.30106860399246216,
        "FEDFUNDS_Actual": 0.22945371270179749,
        "DGS10": 0.22444352507591248,
        "DGS2": 0.09515942633152008,
        "FEDFUNDS_Deviation": 0.04121937230229378,
        "FEDFUNDS_lag_6": 0.029171882197260857,
        "FEDFUNDS_lag_4": 0.024899637326598167,
        "FEDFUNDS_lag_9": 0.02267414890229702,
        "T10Y2Y": 0.021540498360991478,
        "FEDFUNDS_lag_2": 0.0068488107062876225
    },
    "CPIAUCSL": {
        "FEDFUNDS_Rolling_mean": 0.351746141910553,
        "FEDFUNDS_pct_change": 0.3374973237514496,
        "FEDFUNDS_Expanding_Mean": 0.1637517362833023,
        "DGS2": 0.09582444280385971,
        "FEDFUNDS_lag_2": 0.04912307858467102,
        "FEDFUNDS": 0.0012999629834666848,
        "FEDFUNDS_Rolling_std": 0.000510947487782687,
        "FEDFUNDS_Weighted": 0.00024637955357320607,
        "DGS10": 0.0,
        "T10Y2Y": 0.0
    },
    "CSUSHPISA": {
        "FEDFUNDS_Deviation": 0.33540841937065125,
        "FEDFUNDS_Rolling_mean": 0.3316657543182373,
        "FEDFUNDS_Expanding_Mean": 0.154062882065773,
        "FEDFUNDS_lag_7": 0.07332512736320496,
        "CPIAUCSL": 0.058940380811691284,
        "FEDFUNDS_Weighted": 0.03499104082584381,
        "FEDFUNDS_lag_1": 0.008560878224670887,
        "FEDFUNDS": 0.003045527497306466,
        "DGS2": 0.0,
        "DGS10": 0.0
    },
    "CES0500000003": {
        "FEDFUNDS_interaction": 0.43487805128097534,
        "FEDFUNDS_Rolling_mean": 0.17765872180461884,
        "FEDFUNDS_Actual": 0.09264592081308365,
        "FEDFUNDS": 0.08246403932571411,
        "FEDFUNDS_Expanding_Mean": 0.08089760690927505,
        "CSUSHPISA": 0.06343766301870346,
        "FEDFUNDS_Duration": 0.03732116520404816,
        "T10Y2Y": 0.010990670882165432,
        "FEDFUNDS_lag_1": 0.007650373037904501,
        "FEDFUNDS_pct_change": 0.00638249795883894
    },
    "UNRATE": {
        "CES0500000003": 0.7874900698661804,
        "FEDFUNDS": 0.06148664653301239,
        "CSUSHPISA": 0.041056692600250244,
        "FEDFUNDS_Weighted": 0.04012005031108856,
        "FEDFUNDS_pct_change": 0.02638286165893078,
        "FEDFUNDS_lag_3": 0.02194046601653099,
        "FEDFUNDS_Deviation": 0.015141410753130913,
        "FEDFUNDS_lag_1": 0.006381809711456299,
        "DGS2": 0.0,
        "DGS10": 0.0
    },
    "INDPRO": {
        "FEDFUNDS_pct_change": 0.6875767707824707,
        "FEDFUNDS": 0.10294757038354874,
        "UNRATE": 0.09554821997880936,
        "FEDFUNDS_lag_1": 0.03400102257728577,
        "CPIAUCSL": 0.02982647530734539,
        "CSUSHPISA": 0.02785550430417061,
        "FEDFUNDS_Absolute_Change": 0.011505034752190113,
        "FEDFUNDS_Expanding_Mean": 0.010739329271018505,
        "DGS2": 0.0,
        "DGS10": 0.0
    },
    "GDPC1": {
        "CES0500000003": 0.5477539896965027,
        "CPIAUCSL": 0.26111510396003723,
        "UNRATE": 0.09371397644281387,
        "CSUSHPISA": 0.02831357903778553,
        "FEDFUNDS_lag_4": 0.02798246406018734,
        "INDPRO": 0.019311783835291862,
        "FEDFUNDS_lag_11": 0.011988521553575993,
        "DGS2": 0.009820646606385708,
        "FEDFUNDS": 0.0,
        "DGS10": 0.0
    },
    "CP": {
        "GDPC1": 0.3764983117580414,
        "CPIAUCSL": 0.28201350569725037,
        "DGS2": 0.15561656653881073,
        "FEDFUNDS_Deviation": 0.1205570325255394,
        "FEDFUNDS": 0.037019845098257065,
        "CSUSHPISA": 0.028294753283262253,
        "DGS10": 0.0,
        "T10Y2Y": 0.0,
        "MORTGAGE30US": 0.0,
        "CES0500000003": 0.0
    },
    "SP500": {
        "CP": 0.25644412636756897,
        "UNRATE": 0.18805861473083496,
        "FEDFUNDS_Expanding_Mean": 0.17225800454616547,
        "CES0500000003": 0.16284722089767456,
        "CPIAUCSL": 0.1592807024717331,
        "DGS2": 0.055263813585042953,
        "MORTGAGE30US": 0.005082609131932259,
        "FEDFUNDS": 0.0007650009938515723,
        "DGS10": 0.0,
        "T10Y2Y": 0.0
    },
    "PSAVERT": {
        "CES0500000003": 0.40381836891174316,
        "FEDFUNDS_Rolling_mean": 0.18631504476070404,
        "UNRATE": 0.16053235530853271,
        "CP": 0.13407036662101746,
        "CPIAUCSL": 0.08846737444400787,
        "GDPC1": 0.0216430202126503,
        "SP500": 0.005153493955731392,
        "FEDFUNDS": 0.0,
        "DGS2": 0.0,
        "DGS10": 0.0
    },
    "DSPIC96": {
        "PSAVERT": 0.9464463591575623,
        "FEDFUNDS": 0.03894995525479317,
        "CSUSHPISA": 0.007874944247305393,
        "T10Y2Y": 0.006728777661919594,
        "DGS2": 0.0,
        "DGS10": 0.0,
        "MORTGAGE30US": 0.0,
        "CPIAUCSL": 0.0,
        "CES0500000003": 0.0,
        "UNRATE": 0.0
    },
    "DRTSCILM": {
        "SP500": 0.35148173570632935,
        "FEDFUNDS_Deviation": 0.19088038802146912,
        "FEDFUNDS": 0.13421989977359772,
        "CP": 0.10933786630630493,
        "CSUSHPISA": 0.10787166655063629,
        "GDPC1": 0.1062084287405014,
        "DGS2": 0.0,
        "DGS10": 0.0,
        "T10Y2Y": 0.0,
        "MORTGAGE30US": 0.0
    },
    "HDTGPDUSQ163N": {
        "PSAVERT": 0.21637330949306488,
        "FEDFUNDS_Expanding_Mean": 0.21310792863368988,
        "CP": 0.19776134192943573,
        "FEDFUNDS_Duration": 0.18268276751041412,
        "SP500": 0.0909629762172699,
        "GDPC1": 0.08418616652488708,
        "T10Y2Y": 0.01226020697504282,
        "FEDFUNDS": 0.0026652575470507145,
        "DGS2": 0.0,
        "DGS10": 0.0
    },
    "BOPGSTB": {
        "FEDFUNDS_pct_change": 0.20582737028598785,
        "CPIAUCSL": 0.1725264936685562,
        "DGS10": 0.15847323834896088,
        "FEDFUNDS_Rolling_std": 0.11409112811088562,
        "DGS2": 0.09111883491277695,
        "CP": 0.08380990475416183,
        "DSPIC96": 0.07689952105283737,
        "MORTGAGE30US": 0.05310985818505287,
        "FEDFUNDS_lag_1": 0.03518300876021385,
        "T10Y2Y": 0.007694481406360865
    }
}