{
    "DGS2": {
        "differenced": {
            "RMSE": 0.21417076735525986,
            "MAE": 0.13044909113788056,
            "R2": -0.0048498729059822665,
            "MAPE": Infinity
        },
        "actual": {
            "RMSE": 2.1746311215290497,
            "MAE": 1.471763748747229,
            "R2": -1.146215749160044,
            "MAPE": 111.01683662374487
        }
    },
    "DGS10": {
        "differenced": {
            "RMSE": 0.23604540910414848,
            "MAE": 0.17863960596070771,
            "R2": 0.08460041995920653,
            "MAPE": Infinity
        },
        "actual": {
            "RMSE": 1.2083312961740282,
            "MAE": 1.0633901198416758,
            "R2": -0.7388599895951482,
            "MAPE": 66.42793151207293
        }
    },
    "T10Y2Y": {
        "differenced": {
            "RMSE": 0.15534937115288014,
            "MAE": 0.11957351614110993,
            "R2": 0.022455600798509945,
            "MAPE": Infinity
        },
        "actual": {
            "RMSE": 1.8104067164927635,
            "MAE": 1.579732595492892,
            "R2": -2.8353287541121466,
            "MAPE": Infinity
        }
    },
    "MORTGAGE30US": {
        "differenced": {
            "RMSE": 0.22217865530252617,
            "MAE": 0.15580475045314782,
            "R2": 0.05181692891955181,
            "MAPE": Infinity
        },
        "actual": {
            "RMSE": 1.2618564417507312,
            "MAE": 1.0420753065053465,
            "R2": -0.1809792859407362,
            "MAPE": 24.267303699725975
        }
    },
    "CPIAUCSL": {
        "differenced": {
            "RMSE": 0.7507844537581054,
            "MAE": 0.5346542231081465,
            "R2": -0.06456947448171224,
            "MAPE": Infinity
        },
        "actual": {
            "RMSE": 18.70612083597966,
            "MAE": 12.938752510885863,
            "R2": 0.5096689222649401,
            "MAPE": 4.651160763261936
        }
    },
    "CSUSHPISA": {
        "differenced": {
            "RMSE": 1.4592423309182059,
            "MAE": 1.0376161263879518,
            "R2": -0.2877572168723117,
            "MAPE": Infinity
        },
        "actual": {
            "RMSE": 65.25497313180631,
            "MAE": 48.25636489140233,
            "R2": -0.25422539099238284,
            "MAPE": 19.41838760189861
        }
    },
    "CES0500000003": {
        "differenced": {
            "RMSE": 0.12909201097751183,
            "MAE": 0.07439535590864901,
            "R2": -0.29066883575072144,
            "MAPE": Infinity
        },
        "actual": {
            "RMSE": 5.289814621766634,
            "MAE": 4.314906975238481,
            "R2": -1.0621549292074666,
            "MAPE": 14.518630438816968
        }
    },
    "UNRATE": {
        "differenced": {
            "RMSE": 0.8642147973173254,
            "MAE": 0.22695856353061847,
            "R2": 0.010622575844898008,
            "MAPE": Infinity
        },
        "actual": {
            "RMSE": 4.549788206514701,
            "MAE": 4.23167916773608,
            "R2": -3.7921164566573475,
            "MAPE": 94.52982177462299
        }
    },
    "INDPRO": {
        "differenced": {
            "RMSE": 1.3133342544404116,
            "MAE": 0.5927070360476705,
            "R2": 0.01534397913938168,
            "MAPE": Infinity
        },
        "actual": {
            "RMSE": 5.338624229963609,
            "MAE": 4.543249434062515,
            "R2": -1.7305210716216406,
            "MAPE": 4.593009839169079
        }
    },
    "GDPC1": {
        "differenced": {
            "RMSE": 189.18755155277873,
            "MAE": 71.60033533045764,
            "R2": -0.00091946202291604,
            "MAPE": Infinity
        },
        "actual": {
            "RMSE": 1518.1017092536545,
            "MAE": 1350.657432326488,
            "R2": 0.27379203807378993,
            "MAPE": 6.581957864028462
        }
    },
    "CP": {
        "differenced": {
            "RMSE": 80.96616848535685,
            "MAE": 32.10275376201537,
            "R2": 0.010133741869262525,
            "MAPE": Infinity
        },
        "actual": {
            "RMSE": 564.1333959606673,
            "MAE": 437.21190334021327,
            "R2": -0.24788376594767847,
            "MAPE": 17.480248656725244
        }
    },
    "SP500": {
        "differenced": {
            "RMSE": 136.26302616374346,
            "MAE": 87.9098127835114,
            "R2": -0.02697354090261994,
            "MAPE": 145.3749881925952
        },
        "actual": {
            "RMSE": 1222.7289272994255,
            "MAE": 815.8524527954096,
            "R2": -0.4156127145404218,
            "MAPE": 21.342740131776907
        }
    },
    "PSAVERT": {
        "differenced": {
            "RMSE": 2.518336267673568,
            "MAE": 0.8521700882258917,
            "R2": 0.009581197056425239,
            "MAPE": Infinity
        },
        "actual": {
            "RMSE": 4.1381525898653635,
            "MAE": 2.216382819782881,
            "R2": -0.1517227604198228,
            "MAPE": 29.706941790613662
        }
    },
    "DSPIC96": {
        "differenced": {
            "RMSE": 464.67562418470646,
            "MAE": 133.12119021128456,
            "R2": 0.0510065489051007,
            "MAPE": Infinity
        },
        "actual": {
            "RMSE": 1566.476252503618,
            "MAE": 1306.13591860461,
            "R2": 0.00867191737664752,
            "MAPE": 8.2951028663063
        }
    },
    "DRTSCILM": {
        "differenced": {
            "RMSE": 7.4405158365781014,
            "MAE": 2.9917009576111586,
            "R2": 0.009252967472682228,
            "MAPE": Infinity
        },
        "actual": {
            "RMSE": 22.83943215058842,
            "MAE": 17.96198399577694,
            "R2": -0.19863169785485146,
            "MAPE": Infinity
        }
    },
    "HDTGPDUSQ163N": {
        "differenced": {
            "RMSE": 1.2071815416564253,
            "MAE": 0.4961517918578262,
            "R2": 0.012477891382041473,
            "MAPE": Infinity
        },
        "actual": {
            "RMSE": 19.013686772346595,
            "MAE": 18.593410648409378,
            "R2": -15.049878242938597,
            "MAPE": 23.88436787797533
        }
    },
    "BOPGSTB": {
        "differenced": {
            "RMSE": 4548.244629687711,
            "MAE": 3275.332350489605,
            "R2": -0.009553127228750125,
            "MAPE": Infinity
        },
        "actual": {
            "RMSE": 12394.128113350134,
            "MAE": 8571.379098018968,
            "R2": 0.23102006340557646,
            "MAPE": 14.169983806332931
        }
    }
}