{
    "DGS2": {
        "differenced": {
            "RMSE": 0.2093590158423518,
            "MAE": 0.1273339086277298,
            "R2": 0.039794625092520186,
            "MAPE": Infinity
        },
        "actual": {
            "RMSE": 1.618629009658227,
            "MAE": 1.1176997999524898,
            "R2": -0.1890409693936419,
            "MAPE": 87.03056467948589
        }
    },
    "DGS10": {
        "differenced": {
            "RMSE": 0.1822795701588209,
            "MAE": 0.13959687747737304,
            "R2": 0.45412200957702964,
            "MAPE": Infinity
        },
        "actual": {
            "RMSE": 1.0701664988702437,
            "MAE": 0.9632512798118237,
            "R2": -0.36394001102030016,
            "MAPE": 58.65274648681786
        }
    },
    "T10Y2Y": {
        "differenced": {
            "RMSE": 0.1322545626949951,
            "MAE": 0.10343780908377348,
            "R2": 0.2915016873374977,
            "MAPE": Infinity
        },
        "actual": {
            "RMSE": 1.1503135302442675,
            "MAE": 1.0140734992827938,
            "R2": -0.5483985227630095,
            "MAPE": Infinity
        }
    },
    "MORTGAGE30US": {
        "differenced": {
            "RMSE": 0.19017700574357488,
            "MAE": 0.1348035731030129,
            "R2": 0.3052900167486321,
            "MAPE": Infinity
        },
        "actual": {
            "RMSE": 0.9663083584367607,
            "MAE": 0.8194861149334587,
            "R2": 0.30744566139326557,
            "MAPE": 18.90850709964871
        }
    },
    "CPIAUCSL": {
        "differenced": {
            "RMSE": 0.6601021132308265,
            "MAE": 0.47211963458377115,
            "R2": 0.1770646605390086,
            "MAPE": Infinity
        },
        "actual": {
            "RMSE": 12.707738681296318,
            "MAE": 8.112030884360674,
            "R2": 0.7737135754598287,
            "MAPE": 2.8904377859441843
        }
    },
    "CSUSHPISA": {
        "differenced": {
            "RMSE": 1.0685261146504001,
            "MAE": 0.747681358962398,
            "R2": 0.3095226531675216,
            "MAPE": Infinity
        },
        "actual": {
            "RMSE": 42.10187039317537,
            "MAE": 30.638466309196122,
            "R2": 0.47790307166772494,
            "MAPE": 12.244143851181674
        }
    },
    "CES0500000003": {
        "differenced": {
            "RMSE": 0.13465565031714147,
            "MAE": 0.06786721763879913,
            "R2": -0.4043173278819583,
            "MAPE": Infinity
        },
        "actual": {
            "RMSE": 3.2216595705676188,
            "MAE": 2.610144505403003,
            "R2": 0.2351087738470573,
            "MAPE": 8.771730279403224
        }
    },
    "UNRATE": {
        "differenced": {
            "RMSE": 0.8399990786117565,
            "MAE": 0.22223109176343148,
            "R2": 0.06529144119394747,
            "MAPE": Infinity
        },
        "actual": {
            "RMSE": 2.566313976408562,
            "MAE": 2.1561917871881997,
            "R2": -0.5246304198139582,
            "MAPE": 43.120144113291474
        }
    },
    "INDPRO": {
        "differenced": {
            "RMSE": 1.3211701762431756,
            "MAE": 0.6345630081404396,
            "R2": 0.0035591572248323544,
            "MAPE": Infinity
        },
        "actual": {
            "RMSE": 5.803979172943504,
            "MAE": 4.894292241127268,
            "R2": -2.2272938962599635,
            "MAPE": 4.947711084202376
        }
    },
    "GDPC1": {
        "differenced": {
            "RMSE": 188.3740516900237,
            "MAE": 75.71552306768123,
            "R2": 0.007669868719738404,
            "MAPE": Infinity
        },
        "actual": {
            "RMSE": 893.472009625692,
            "MAE": 816.5845087897278,
            "R2": 0.7484518249927345,
            "MAPE": 4.00710134077586
        }
    },
    "CP": {
        "differenced": {
            "RMSE": 83.11774248321574,
            "MAE": 31.525460661283454,
            "R2": -0.04317416506697169,
            "MAPE": Infinity
        },
        "actual": {
            "RMSE": 432.50338542503897,
            "MAE": 313.58293716381047,
            "R2": 0.2665178706366048,
            "MAPE": 12.33335304331671
        }
    },
    "SP500": {
        "differenced": {
            "RMSE": 142.15113721923134,
            "MAE": 90.0302727928632,
            "R2": -0.11764498081955233,
            "MAPE": 307.0157385697092
        },
        "actual": {
            "RMSE": 742.4199657905053,
            "MAE": 516.384375561601,
            "R2": 0.4781047231417208,
            "MAPE": 14.057523249099804
        }
    },
    "PSAVERT": {
        "differenced": {
            "RMSE": 2.7134676859408646,
            "MAE": 1.0366190788512823,
            "R2": -0.14984882259645693,
            "MAPE": Infinity
        },
        "actual": {
            "RMSE": 6.565102711005046,
            "MAE": 4.364461856997427,
            "R2": -1.898798300201796,
            "MAPE": 84.2489528210616
        }
    },
    "DSPIC96": {
        "differenced": {
            "RMSE": 390.41193345204874,
            "MAE": 113.84685510353872,
            "R2": 0.33010058058540104,
            "MAPE": Infinity
        },
        "actual": {
            "RMSE": 1637.0583846824447,
            "MAE": 1283.999988544706,
            "R2": -0.0826750167880066,
            "MAPE": 8.056644568618934
        }
    },
    "DRTSCILM": {
        "differenced": {
            "RMSE": 7.6375390822282,
            "MAE": 3.267241299054754,
            "R2": -0.043911256550995814,
            "MAPE": Infinity
        },
        "actual": {
            "RMSE": 18.79172548823094,
            "MAE": 13.290310592505048,
            "R2": 0.18857483283665488,
            "MAPE": Infinity
        }
    },
    "HDTGPDUSQ163N": {
        "differenced": {
            "RMSE": 1.2893891625209297,
            "MAE": 0.6002640261901444,
            "R2": -0.12659984211655728,
            "MAPE": Infinity
        },
        "actual": {
            "RMSE": 9.717551942243565,
            "MAE": 9.213785817257252,
            "R2": -3.1923044415795534,
            "MAPE": 11.713547416391108
        }
    },
    "BOPGSTB": {
        "differenced": {
            "RMSE": 4792.746804344596,
            "MAE": 3541.9012030980675,
            "R2": -0.12101266755195028,
            "MAPE": Infinity
        },
        "actual": {
            "RMSE": 10938.170139390455,
            "MAE": 9526.114872363676,
            "R2": 0.40107506331598297,
            "MAPE": 20.8757487413653
        }
    }
}